custamer,url
https://uwakidameyodamedame.com/contact/,https://uwakidameyodamedame.com/love/mattinngu-2/
,https://i472.hatenablog.com/entry/2024/03/03/111029
https://ameblo.jp/contact/,https://ameblo.jp/hikari07-10/entry-12807505866.html
https://ameblo.jp/contact/,https://ameblo.jp/riona0777/entry-12816758943.html
https://ameblo.jp/contact/,https://ameblo.jp/hikari07-10/entry-12801136154.html
https://ameblo.jp/contact/,https://ameblo.jp/hikari07-10/entry-12801234165.html
https://ameblo.jp/contact/,https://ameblo.jp/misolees/entry-12820520292.html
,https://na-beauty.com/post-123232/
https://ameblo.jp/contact/,https://ameblo.jp/hikari07-10/entry-12800865065.html
https://ameblo.jp/contact/,https://ameblo.jp/start-walkingwhite/entry-12802806650.html
,https://geinou-news.infobig.biz/?p=1765203
https://monvv.com/contact/,https://monvv.com/match-appnashi/
,https://mangacomics.fun/tap-couple/
https://ameblo.jp/contact/,https://ameblo.jp/hikari07-10/entry-12802789372.html
https://ameblo.jp/contact/,https://ameblo.jp/hikari07-10/entry-12804220402.html
https://matchmatch.jp/contact/,https://matchmatch.jp/matchingapp-30s/
https://syareotu-golf.jp/contact/,https://syareotu-golf.jp/match-pairs-deau-kotsu.html
,http://yukiigarashikenkou.seesaa.net/article/501114698.html
,https://match40.hatenablog.jp/entry/2023/10/13/212958
https://noel.st/contact/,https://noel.st/deaiapps-otona/
https://monvv.com/contact/,https://monvv.com/meshimoku-app/
https://ameblo.jp/contact/,https://ameblo.jp/hikari07-10/entry-12806677854.html
https://ameblo.jp/contact/,https://ameblo.jp/hikari07-10/entry-12806684639.html
https://ameblo.jp/contact/,https://ameblo.jp/hikari07-10/entry-12807505784.html
,https://gexuweisdbjhbgyhvjs.xyz/uguggyug/
,https://otona-select.hatenablog.com/entry/2023/12/17/013905
https://ameblo.jp/contact/,https://ameblo.jp/uluru-uyuni/entry-12830704079.html
https://ameblo.jp/contact/,https://ameblo.jp/hikari07-10/entry-12805030327.html
https://monvv.com/contact/,https://monvv.com/jumpapp-offline/
https://kosodate-nyuzen.jp/contact/,https://kosodate-nyuzen.jp/news0721_1-2/
,https://fuwakuinlife.blog/archives/5723569.html
,https://airin888.hatenablog.com/entry/2024/06/30/061850
,https://koisapu.com/sinken-apuri/
,https://appvip.jp/widow-widower-matching-apps-recommendation/
https://ameblo.jp/contact/,https://ameblo.jp/hikari07-10/entry-12803030644.html
https://monvv.com/contact/,https://monvv.com/neochi-mochimochi-app/
https://monvv.com/contact/,https://monvv.com/tiktok-app-sakujo-iine/
https://monvv.com/contact/,https://monvv.com/reality-app-kaobare/
https://monvv.com/contact/,https://monvv.com/tiktok-app-2/
https://monvv.com/contact/,https://monvv.com/onaji-app-2/
https://25nikosan25.blog.fc2.com/contact/,https://25nikosan25.blog.fc2.com/blog-entry-250.html
https://monvv.com/contact/,https://monvv.com/gravity-app-karaoke/
https://monvv.com/contact/,https://monvv.com/taimee-app-sakujo/
https://monvv.com/contact/,https://monvv.com/bachelor-android/
https://monvv.com/contact/,https://monvv.com/tikto-app-sakujo-fukugen/
https://monvv.com/contact/,https://monvv.com/haitatsu-navi-app/
https://monvv.com/contact/,https://monvv.com/bondee-dokonokuni/
https://voiceplus-php.jp/contact/,https://voiceplus-php.jp/archives/75759
,http://unko.wp.xdomain.jp/2023/11/25/%e6%81%8b%e6%b4%bb%e3%82%a2%e3%83%97%e3%83%aa%e3%81%a7%e5%86%99%e7%9c%9f%e8%a9%90%e6%ac%ba%e3%81%ae%e3%83%ac%e3%83%99%e3%83%ab%e3%82%92%e8%b6%85%e3%81%88%e3%81%a6%e3%81%8f%e3%82%8b%e3%83%a4%e3%83%84/
https://monvv.com/contact/,https://monvv.com/pararel-nenreiseigen/
https://monvv.com/contact/,https://monvv.com/bondee-app-keshitara/
https://monvv.com/contact/,https://monvv.com/with-app-chikaku/
https://monvv.com/contact/,https://monvv.com/daigaku-setsuyaku-app/
https://ameblo.jp/contact/,https://ameblo.jp/wideman13530/entry-12844052495.html
https://snpt.jp/contact/,https://snpt.jp/paddy-app/
https://lifrell.co.jp/contact/,https://lifrell.co.jp/marriage/9-recommended-matching-apps-to-attract-new-people/
,https://match40.hatenablog.jp/entry/2024/01/17/211439
https://monvv.com/contact/,https://monvv.com/tapple-app-kesu-acount/
https://monvv.com/contact/,https://monvv.com/nobunaganoyabou-app-hyouka/
https://monvv.com/contact/,https://monvv.com/with-app-tuuwa-speaker/
https://monvv.com/contact/,https://monvv.com/match-install-rireki/
https://monvv.com/contact/,https://monvv.com/townwork-app-login/
https://monvv.com/contact/,https://monvv.com/tinder-app-keshitemo-mail/
https://monvv.com/contact/,https://monvv.com/claingame-offline/
https://monvv.com/contact/,https://monvv.com/hayari-avatar-app/
https://monvv.com/contact/,https://monvv.com/tapple-app-hirakanai/
https://monvv.com/contact/,https://monvv.com/sukimabaito-kutikomi/
,https://haru-kun.com/%e3%83%9e%e3%83%83%e3%83%81%e3%83%b3%e3%82%b0%e3%82%a2%e3%83%97%e3%83%aa%e3%81%a7%e7%90%86%e6%83%b3%e3%81%ae%e6%81%8b%e6%84%9b%e3%83%bb%e7%b5%90%e5%a9%9a%e7%9b%b8%e6%89%8b%e3%82%92%e8%a6%8b%e3%81%a4
,https://haru-kun.com/tips-for-finding-your-ideal-romantic-or-marriage-partner-on-dating-apps-and-popular-app-recommendations
https://matchmatch.jp/contact/,https://matchmatch.jp/matchingapp-nerd-reccomendation/
https://monvv.com/contact/,https://monvv.com/fukkaru-app/
https://monvv.com/contact/,https://monvv.com/taimee-tsukaneai/
https://monvv.com/contact/,https://monvv.com/pararel-tuushinryo/
https://monvv.com/contact/,https://monvv.com/tinder-app-keshitara-ichi/
https://review.12freely.jp/contact/,https://review.12freely.jp/love500-2/
https://monvv.com/contact/,https://monvv.com/pairs-app-otiru/
https://monvv.com/contact/,https://monvv.com/hananokai-mail-app/
https://encolors.co.jp/contact/,https://encolors.co.jp/news/kyokoi/
https://ameblo.jp/contact/,https://ameblo.jp/start-walkingwhite/entry-12806311358.html
https://ameblo.jp/contact/,https://ameblo.jp/start-walkingwhite/entry-12805616521.html
https://monvv.com/contact/,https://monvv.com/tinder-app-hirakanainode/
,https://banker-life.jp/2489.html
https://monvv.com/contact/,https://monvv.com/match-saitouroku-kikan/
https://monvv.com/contact/,https://monvv.com/daigakusei-baitosagashi-app-osusume/
https://www.drinet.org/contact/,https://www.drinet.org/post6659/
https://fanblogs.jp/contact/,https://fanblogs.jp/koinokikkake/archive/38/0
https://ameblo.jp/contact/,https://ameblo.jp/misolees/entry-12851015782.html
https://lifrell.co.jp/contact/,https://lifrell.co.jp/marriage/best-matching-app-twelve/
https://monvv.com/contact/,https://monvv.com/jinrosatsu-kawari/
https://monvv.com/contact/,https://monvv.com/gigo-app-servixeken/
https://monvv.com/contact/,https://monvv.com/orca-kikonsha-app/
https://monvv.com/contact/,https://monvv.com/muryo-nobunaga-app/
https://atmiraclelove.com/contact/,https://atmiraclelove.com/omiai-reviews/
,https://testtest.7narabe.net/%E6%9C%AA%E9%81%B8%E6%8A%9E/%E6%A8%AA%E6%B5%9C-%E5%B7%9D%E5%B4%8E%E3%82%A8%E3%83%AA%E3%82%A2%E3%81%A7%E7%94%B7%E5%A5%B3%E3%81%B8%E5%87%BA%E4%BC%9A%E3%81%84%E3%82%92%E6%8F%90%E4%BE%9B%E3%81%99%E3%82%8B%E6%81%8B%E6%B4%BB%E3%83%9E%E3%83%83%E3%83%81%E3%83%B3
https://lovecupid-0438.com/contact/,https://lovecupid-0438.com/2024/04/29/otakoi/
https://point.nagoweb.co.jp/support/,https://point.nagoweb.co.jp/202000026861-2/
https://fanblogs.jp/contact/,https://fanblogs.jp/akane0709zora/archive/6/0
https://ameblo.jp/contact/,https://ameblo.jp/start-walkingwhite/entry-12814101719.html
https://ameblo.jp/contact/,https://ameblo.jp/start-walkingwhite/entry-12819118243.html
https://ameblo.jp/contact/,https://ameblo.jp/start-walkingwhite/entry-12820601766.html
https://monvv.com/contact/,https://monvv.com/tourokunashi-march/
https://blog.goo.ne.jp/support/,https://blog.goo.ne.jp/funny1612/e/1959cb3568d7aac87d434601a71f1cd8
,https://gdbpoqponmlkjihg.xyz/%e5%87%ba%e4%bc%9a%e3%81%84%e7%b3%bb%e3%82%a2%e3%83%97%e3%83%aa%e3%81%a7%e3%81%ae%e5%8b%a7%e8%aa%98%e3%81%ab%e8%ad%a6%e6%88%92%ef%bc%81%e5%ae%89%e5%85%a8%e3%81%ab%e6%81%8b%e6%b4%bb%e3%81%99%e3%82%8b/
https://monvv.com/contact/,https://monvv.com/sukinahito-match/
,https://match40.hatenablog.jp/entry/2023/11/23/212502
,https://toshiuekareshi-navi.com/838.html
https://matchmatch.jp/contact/,https://matchmatch.jp/matchingapp-sukininarenai/
,https://match40.hatenablog.jp/entry/2024/01/13/211027
https://www.drinet.org/contact/,https://www.drinet.org/post7170/
https://monvv.com/contact/,https://monvv.com/daigakusei-deainai-app-iya/
https://fanblogs.jp/contact/,https://fanblogs.jp/appphoto/archive/133/0
https://ameblo.jp/contact/,https://ameblo.jp/risa-2525777/entry-12826836902.html
https://monvv.com/contact/,https://monvv.com/namuco-linkdekinai/
https://monvv.com/contact/,https://monvv.com/higawari-nita-app/
https://monvv.com/contact/,https://monvv.com/kariz-nita-app/
https://www.slow-life101.com/contact/,https://www.slow-life101.com/recommeded-apps/
,https://mandymjm.livedoor.blog/archives/1812076.html
,https://ikiruchie.hatenablog.com/entry/2023/07/13/095022
https://www.le-club.jp/contact/,https://www.le-club.jp/9629.html
,https://matchingapps.v2007.coreserver.jp/1.html
https://www.le-club.jp/contact/,https://www.le-club.jp/1612.html
https://matchmatch.jp/contact/,https://matchmatch.jp/matchingapp-50s/
,https://matchingapps.v2007.coreserver.jp/87.html
https://talbotkyoto.com/contact/,https://talbotkyoto.com/40.html
https://matchmatch.jp/contact/,https://matchmatch.jp/matchingapp-20s/
https://monvv.com/contact/,https://monvv.com/match-doukyonin-sonohoka/
https://monvv.com/contact/,https://monvv.com/match-ushirosugata-gyosha/
,https://geinou-news.infobig.biz/?p=1592884
,https://geinou-news.infobig.biz/?p=1793313
,https://geinou-news.infobig.biz/?p=1592978
,https://gift0808.com/matching-app/
https://kojima1992.com/contact/,https://kojima1992.com/apps-lgbt
,https://duffyuki224.hatenablog.com/entry/2023/06/15/181149
https://fanblogs.jp/contact/,https://fanblogs.jp/appphoto/archive/131/0
https://monvv.com/contact/,https://monvv.com/match-chikoku-renrakunashi/
https://monvv.com/contact/,https://monvv.com/match-otokoamari/
https://monvv.com/contact/,https://monvv.com/palworld-mitaina/
https://monvv.com/contact/,https://monvv.com/match-29-women/
https://monvv.com/contact/,https://monvv.com/match-akiru/
https://monvv.com/contact/,https://monvv.com/match-kaoge/
https://monvv.com/contact/,https://monvv.com/synclub-ningen/
https://monvv.com/contact/,https://monvv.com/match-1day-henshinnashi/
https://monvv.com/contact/,https://monvv.com/match-1week-plan/
https://monvv.com/contact/,https://monvv.com/match-iinekaeshi-mayou-kijun/
https://monvv.com/contact/,https://monvv.com/freetar-friends-tsukurikata/
https://monvv.com/contact/,https://monvv.com/match-sports-kanyu/
https://monvv.com/contact/,https://monvv.com/match-chikoku-kaeru-2/
https://monvv.com/contact/,https://monvv.com/match-saitouroku-merit/
https://monvv.com/contact/,https://monvv.com/match-wakareru-riyuu/
https://monvv.com/contact/,https://monvv.com/match-ai-kaiwa/
https://monvv.com/contact/,https://monvv.com/dark-tales-niteru/
https://monvv.com/contact/,https://monvv.com/match-women-line-id/
https://monvv.com/contact/,https://monvv.com/match-kekkon-tyukan/
https://monvv.com/contact/,https://monvv.com/match-syumibakari/
https://monvv.com/contact/,https://monvv.com/match-chikoku-ayamaranai/
https://monvv.com/contact/,https://monvv.com/match-onna-nanisama/
https://monvv.com/contact/,https://monvv.com/match-machiawase-hazukashii/
https://monvv.com/contact/,https://monvv.com/mach-yamenai-kareshi-wakareru/
https://monvv.com/contact/,https://monvv.com/match-aisatsudake-men/
https://monvv.com/contact/,https://monvv.com/kingdom-sashuu/
https://www.drinet.org/contact/,https://www.drinet.org/post5001/
https://www.yu-kari.site/contact/,https://www.yu-kari.site/recommend-matching-app/
https://nurse-kango-job.com/contact/,https://nurse-kango-job.com/nurse_deaiapp/
https://monvv.com/contact/,https://monvv.com/rpg-nigate-osusume/
https://monvv.com/contact/,https://monvv.com/match-tuuwa-dotakyan/
,https://geinou-news.infobig.biz/?p=1796337
https://monvv.com/contact/,https://monvv.com/godoor-fukusu/
https://monvv.com/contact/,https://monvv.com/taimee-tuuchi-konai/
https://monvv.com/contact/,https://monvv.com/godoor-tablet/
,https://matchingapps.v2007.coreserver.jp/80.html
https://monvv.com/contact/,https://monvv.com/match-1month-renraku/
https://ameblo.jp/contact/,https://ameblo.jp/hikari07-10/entry-12806399861.html
https://ameblo.jp/contact/,https://ameblo.jp/hikari07-10/entry-12802427372.html
https://ameblo.jp/contact/,https://ameblo.jp/hikari07-10/entry-12806728562.html
https://ameblo.jp/contact/,https://ameblo.jp/hikari07-10/entry-12806874302.html
https://ameblo.jp/contact/,https://ameblo.jp/hikari07-10/entry-12801290572.html
https://ameblo.jp/contact/,https://ameblo.jp/hikari07-10/entry-12806592133.html
https://ameblo.jp/contact/,https://ameblo.jp/hikari07-10/entry-12806833930.html
https://ameblo.jp/contact/,https://ameblo.jp/hikari07-10/entry-12802894658.html
https://ameblo.jp/contact/,https://ameblo.jp/hikari07-10/entry-12806651420.html
https://ameblo.jp/contact/,https://ameblo.jp/hikari07-10/entry-12804664131.html
https://ameblo.jp/contact/,https://ameblo.jp/hikari07-10/entry-12805318284.html
https://ameblo.jp/contact/,https://ameblo.jp/hikari07-10/entry-12806153163.html
https://ameblo.jp/contact/,https://ameblo.jp/hikari07-10/entry-12801473718.html
https://ameblo.jp/contact/,https://ameblo.jp/hikari07-10/entry-12805955906.html
https://ameblo.jp/contact/,https://ameblo.jp/hikari07-10/entry-12806525919.html
https://ameblo.jp/contact/,https://ameblo.jp/hikari07-10/entry-12802150336.html
https://ameblo.jp/contact/,https://ameblo.jp/hikari07-10/entry-12802627166.html
https://ameblo.jp/contact/,https://ameblo.jp/hikari07-10/entry-12804896174.html
https://ameblo.jp/contact/,https://ameblo.jp/hikari07-10/entry-12809620401.html
https://ameblo.jp/contact/,https://ameblo.jp/hikari07-10/entry-12805861999.html
https://ameblo.jp/contact/,https://ameblo.jp/hikari07-10/entry-12807854289.html
https://ameblo.jp/contact/,https://ameblo.jp/hikari07-10/entry-12804828468.html
https://ameblo.jp/contact/,https://ameblo.jp/hikari07-10/entry-12804804730.html
https://ameblo.jp/contact/,https://ameblo.jp/hikari07-10/entry-12806647939.html
https://ameblo.jp/contact/,https://ameblo.jp/hikari07-10/entry-12806238090.html
https://ameblo.jp/contact/,https://ameblo.jp/hikari07-10/entry-12806378088.html
https://ameblo.jp/contact/,https://ameblo.jp/hikari07-10/entry-12804452671.html
https://ameblo.jp/contact/,https://ameblo.jp/hikari07-10/entry-12804934157.html
https://ameblo.jp/contact/,https://ameblo.jp/hikari07-10/entry-12808158181.html
https://ameblo.jp/contact/,https://ameblo.jp/hikari07-10/entry-12807376759.html
https://ameblo.jp/contact/,https://ameblo.jp/hikari07-10/entry-12801344832.html
https://ameblo.jp/contact/,https://ameblo.jp/hikari07-10/entry-12806030564.html
https://ameblo.jp/contact/,https://ameblo.jp/hikari07-10/entry-12802428319.html
https://ameblo.jp/contact/,https://ameblo.jp/hikari07-10/entry-12808368466.html
https://ameblo.jp/contact/,https://ameblo.jp/hikari07-10/entry-12803804307.html
https://ameblo.jp/contact/,https://ameblo.jp/hikari07-10/entry-12809954289.html
https://ameblo.jp/contact/,https://ameblo.jp/hikari07-10/entry-12804179593.html
https://ameblo.jp/contact/,https://ameblo.jp/hikari07-10/entry-12800828277.html
https://ameblo.jp/contact/,https://ameblo.jp/hikari07-10/entry-12806342417.html
https://ameblo.jp/contact/,https://ameblo.jp/hikari07-10/entry-12808685631.html
https://ameblo.jp/contact/,https://ameblo.jp/hikari07-10/entry-12804036942.html
https://ameblo.jp/contact/,https://ameblo.jp/hikari07-10/entry-12803746375.html
https://ameblo.jp/contact/,https://ameblo.jp/hikari07-10/entry-12806865492.html
https://ameblo.jp/contact/,https://ameblo.jp/hikari07-10/entry-12808854839.html
https://ameblo.jp/contact/,https://ameblo.jp/hikari07-10/entry-12806599125.html
https://ameblo.jp/contact/,https://ameblo.jp/hikari07-10/entry-12804943652.html
https://ameblo.jp/contact/,https://ameblo.jp/hikari07-10/entry-12806384166.html
https://ameblo.jp/contact/,https://ameblo.jp/hikari07-10/entry-12807469011.html
https://ameblo.jp/contact/,https://ameblo.jp/hikari07-10/entry-12802797118.html
https://ameblo.jp/contact/,https://ameblo.jp/hikari07-10/entry-12807440635.html
https://ameblo.jp/contact/,https://ameblo.jp/hikari07-10/entry-12803603806.html
https://ameblo.jp/contact/,https://ameblo.jp/hikari07-10/entry-12804956724.html
https://ameblo.jp/contact/,https://ameblo.jp/hikari07-10/entry-12810049379.html
https://ameblo.jp/contact/,https://ameblo.jp/hikari07-10/entry-12807956947.html
https://ameblo.jp/contact/,https://ameblo.jp/hikari07-10/entry-12806651932.html
https://ameblo.jp/contact/,https://ameblo.jp/hikari07-10/entry-12807358394.html
https://ameblo.jp/contact/,https://ameblo.jp/hikari07-10/entry-12801355690.html
https://ameblo.jp/contact/,https://ameblo.jp/hikari07-10/entry-12803603828.html
https://ameblo.jp/contact/,https://ameblo.jp/hikari07-10/entry-12807448024.html
https://ameblo.jp/contact/,https://ameblo.jp/hikari07-10/entry-12808665303.html
https://ameblo.jp/contact/,https://ameblo.jp/hikari07-10/entry-12802426315.html
https://ameblo.jp/contact/,https://ameblo.jp/hikari07-10/entry-12806591381.html
https://ameblo.jp/contact/,https://ameblo.jp/hikari07-10/entry-12804333224.html
https://ameblo.jp/contact/,https://ameblo.jp/hikari07-10/entry-12803857141.html
https://ameblo.jp/contact/,https://ameblo.jp/hikari07-10/entry-12809769311.html
https://ameblo.jp/contact/,https://ameblo.jp/hikari07-10/entry-12807044958.html
https://ameblo.jp/contact/,https://ameblo.jp/hikari07-10/entry-12808026768.html
https://match-for30.com/contact/,https://match-for30.com/midashinami/30dai-dansei-genjitsu/
https://match-for30.com/contact/,https://match-for30.com/midashinami/post-479/
https://lifrell.co.jp/contact/,https://lifrell.co.jp/marriage/matching-app-ranking/
https://www.johomatome.site/support/,https://www.johomatome.site/match-p/
https://syareotu-golf.jp/contact/,https://syareotu-golf.jp/yama-suki-tozan-app.html
,http://blog.kekkonsoudansho.info/?eid=4530
https://monvv.com/contact/,https://monvv.com/match-joseimuryou-okashii/
https://monvv.com/contact/,https://monvv.com/match-machiawase-hitochigai/
https://monvv.com/contact/,https://monvv.com/match-chikoku-gyousha/
https://monvv.com/contact/,https://monvv.com/match-wakarerumade-kikan/
https://monvv.com/contact/,https://monvv.com/match-iinekaeshi-osokunatta/
https://monvv.com/contact/,https://monvv.com/match-inaka-furi/
https://monvv.com/contact/,https://monvv.com/match-machiawase-eki/
https://monvv.com/contact/,https://monvv.com/koigram-why-free/
https://monvv.com/contact/,https://monvv.com/match-sports-kansen/
https://monvv.com/contact/,https://monvv.com/match-cafe-dake/
https://monvv.com/contact/,https://monvv.com/match-chikoku-men/
https://monvv.com/contact/,https://monvv.com/match-1day-10ouhuku/
https://monvv.com/contact/,https://monvv.com/match-acount-sakujo/
https://monvv.com/contact/,https://monvv.com/match-machiawase-block/
https://monvv.com/contact/,https://monvv.com/mach-machiawase-konbini/
https://monvv.com/contact/,https://monvv.com/match-iinegaeshi-ato/
https://monvv.com/contact/,https://monvv.com/match-cafe-wadai/
https://monvv.com/contact/,https://monvv.com/40s-match-ikemen/
https://monvv.com/contact/,https://monvv.com/match-renrakusaki-koukanshinai/
https://monvv.com/contact/,https://monvv.com/match-typejanai-hitobakari/
https://monvv.com/contact/,https://monvv.com/match-type-janai-women/
https://monvv.com/contact/,https://monvv.com/match-machiawase-renraku/
https://monvv.com/contact/,https://monvv.com/match-daretomo-umakuikanai/
https://monvv.com/contact/,https://monvv.com/match-yayapochari/
https://monvv.com/contact/,https://monvv.com/match-typejanai-au/
https://monvv.com/contact/,https://monvv.com/match-cafe-yoyaku-jikan/
https://monvv.com/contact/,https://monvv.com/match-keep-women/
https://monvv.com/contact/,https://monvv.com/inaka-match-enkyori/
https://monvv.com/contact/,https://monvv.com/match-type-desu/
https://monvv.com/contact/,https://monvv.com/match-iinekaeshi-osoi/
https://monvv.com/contact/,https://monvv.com/match-women-message-konai/
https://monvv.com/contact/,https://monvv.com/match-machiawase-omisenomae/
https://monvv.com/contact/,https://monvv.com/mach-chikoku-block/
https://monvv.com/contact/,https://monvv.com/match-aeru-tsukiaenai/
https://monvv.com/contact/,https://monvv.com/chiebukuro-match-osusume/
https://monvv.com/contact/,https://monvv.com/cranegame-app-anpanman/
https://monvv.com/contact/,https://monvv.com/match-linekoukan-acount-teishi/
https://monvv.com/contact/,https://monvv.com/match-joseikara-myakuari/
https://monvv.com/contact/,https://monvv.com/match-iinegaeshi-message/
,https://happycomecome.co.jp/stop-matching-app/
https://monvv.com/contact/,https://monvv.com/match-1week-au/
https://monvv.com/contact/,https://monvv.com/match-1day-line/
https://monvv.com/contact/,https://monvv.com/40s-women-asobi-match/
https://monvv.com/contact/,https://monvv.com/match-saitouroku-onajihito-iine/
https://monvv.com/contact/,https://monvv.com/40s-men-match-taikendan/
https://monvv.com/contact/,https://monvv.com/match-1day-henshinnashi-men/
https://monvv.com/contact/,https://monvv.com/march-kao-bokashi/
https://monvv.com/contact/,https://monvv.com/match-pc-gyousha/
https://monvv.com/contact/,https://monvv.com/with-app-men-youtyuui/
https://monvv.com/contact/,https://monvv.com/match-1day-date/
https://monvv.com/contact/,https://monvv.com/match-nenrei-kiku/
https://monvv.com/contact/,https://monvv.com/match-fukenzen/
https://monvv.com/contact/,https://monvv.com/20sai-match-hayai/
https://monvv.com/contact/,https://monvv.com/match-sigoto-kiitekuru-men/
https://monvv.com/contact/,https://monvv.com/match-40s-iinekuru/
https://monvv.com/contact/,https://monvv.com/match-linekoukan-myakuari/
https://monvv.com/contact/,https://monvv.com/40s-match-taikendan/
https://monvv.com/contact/,https://monvv.com/ensports/
https://monvv.com/contact/,https://monvv.com/kosumari-match/
https://monvv.com/contact/,https://monvv.com/match-1day-nannin/
https://monvv.com/contact/,https://monvv.com/match-ashiatogaeshi-iine/
https://monvv.com/contact/,https://monvv.com/match-taken-au/
https://monvv.com/contact/,https://monvv.com/match-wakareru-houhou/
https://monvv.com/contact/,https://monvv.com/match-kaeruka/
https://monvv.com/contact/,https://monvv.com/march-onaji-daigaku/
https://monvv.com/contact/,https://monvv.com/match-hiroiga-hanzai/
https://monvv.com/contact/,https://monvv.com/match-taiwanjin-ooi/
https://monvv.com/contact/,https://monvv.com/metroid-vania-sumaho/
https://monvv.com/contact/,https://monvv.com/match-1month-nannin/
https://monvv.com/contact/,https://monvv.com/match-henshin-1week-women/
https://monvv.com/contact/,https://monvv.com/kodomo-muryo-crane/
https://monvv.com/contact/,https://monvv.com/match-osusumeshinai/
https://beginner.click/contact/,https://beginner.click/app-couplink/
https://happymstory.com/contact/,https://happymstory.com/matchapp-married-men/
,https://singlemama-life.com/1512.html
,https://www.navi-nex.jp/app-reality-40swoman/
https://keinomatch.com/contact/,https://keinomatch.com/marrish-price/
http://lovecupid-0438.com/contact/,http://lovecupid-0438.com/2023/08/26/konkatsu-match-com/
https://blog.goo.ne.jp/support/,https://blog.goo.ne.jp/lovemusic/e/80d970fa303ddfaef1adb3afb2eb13fe
https://monvv.com/contact/,https://monvv.com/higawarinaishitsu-4th-code/
https://monvv.com/contact/,https://monvv.com/taimee-ikitakunai/
https://monvv.com/contact/,https://monvv.com/bondee-acount-sakujo/
https://monvv.com/contact/,https://monvv.com/todocusupporter-kaiyaku/
https://monvv.com/contact/,https://monvv.com/godoor-omoi/
https://monvv.com/contact/,https://monvv.com/pararel-acountosakujo/
https://monvv.com/contact/,https://monvv.com/sincerely-yours-kuchikomi/
https://monvv.com/contact/,https://monvv.com/tapple-linekoukan-joseikara/
https://monvv.com/contact/,https://monvv.com/taimee-cancelritsu-heranrai/
https://monvv.com/contact/,https://monvv.com/reality-vtuber/
https://monvv.com/contact/,https://monvv.com/merucari-haro-iranai-jama/
https://monvv.com/contact/,https://monvv.com/twitter-space-kikudake-shiturei/
https://monvv.com/contact/,https://monvv.com/dreamy-land-offline/
https://monvv.com/contact/,https://monvv.com/nextlevel-koukousei/
https://monvv.com/contact/,https://monvv.com/dreamy-land-hikitsugi/
https://monvv.com/contact/,https://monvv.com/xrworld-daremoinai/
https://monvv.com/contact/,https://monvv.com/daigakusei-chapatsu-dasai/
https://monvv.com/contact/,https://monvv.com/lively-osanpo-street/
https://monvv.com/contact/,https://monvv.com/kokopure-hikitsugi/
https://monvv.com/contact/,https://monvv.com/taimee-ipad-tablet/
https://monvv.com/contact/,https://monvv.com/taimee-kouza-touroku/
https://monvv.com/contact/,https://monvv.com/taimee-cancel-hokanoshigoto/
https://monvv.com/contact/,https://monvv.com/insta-tetsudo-tag/
,https://okashinoie.blog.jp/archives/93102876.html
https://matching-theory.com/contact/,https://matching-theory.com/tiner-stop/
,https://ikiruchie.hatenablog.com/entry/2023/06/13/111635
https://deep-inside.info/contact/,https://deep-inside.info/2023/11/14/3861/
,https://yarebadekiru8888.com/%e5%a4%b1%e6%95%97%e3%81%97%e3%81%aa%e3%81%84%e7%82%ba%e3%81%ae%e3%80%80%e7%ab%a5%e8%b2%9e%e5%8d%92%e6%a5%ad%e3%80%80%e6%81%8b%e6%b4%bb%e3%82%a2%e3%83%97%e3%83%aa%ef%bc%81/
,https://suica-card.com/matching/39470/
,https://yarebadekiru8888.com/%e7%ab%a5%e8%b2%9e%e5%8d%92%e6%a5%ad%e3%81%97%e3%81%9f%e3%81%84%e6%96%b9%e3%81%ae%e6%81%8b%e6%b4%bb%e3%82%a2%e3%83%97%e3%83%aa%ef%bc%81/
https://deep-inside.info/contact/,https://deep-inside.info/2023/11/15/3862/
https://deep-inside.info/contact/,https://deep-inside.info/2023/11/17/3864/
https://deep-inside.info/contact/,https://deep-inside.info/2023/11/18/3865/
https://deep-inside.info/contact/,https://deep-inside.info/2023/11/16/3863/
,https://7zq32.com/ios%e6%81%8b%e6%b4%bb%e3%80%90%e3%83%af%e3%82%af%e3%83%af%e3%82%af%e3%83%a1%e3%83%bc%e3%83%ab%e3%80%91%e3%82%a2%e3%83%97%e3%83%aa%e3%82%a4%e3%83%b3%e3%82%b9%e3%83%88%e3%83%bc%e3%83%ab/
https://ameblo.jp/contact/,https://ameblo.jp/hikari07-10/entry-12834587403.html
https://ameblo.jp/contact/,https://ameblo.jp/hikari07-10/entry-12804964664.html
https://ameblo.jp/contact/,https://ameblo.jp/hikari07-10/entry-12802979702.html
https://ameblo.jp/contact/,https://ameblo.jp/hikari07-10/entry-12805400765.html
https://ameblo.jp/contact/,https://ameblo.jp/hikari07-10/entry-12805759789.html
https://ameblo.jp/contact/,https://ameblo.jp/hikari07-10/entry-12801740307.html
https://ameblo.jp/contact/,https://ameblo.jp/hikari07-10/entry-12805021496.html
https://ameblo.jp/contact/,https://ameblo.jp/hikari07-10/entry-12801028146.html
https://ameblo.jp/contact/,https://ameblo.jp/hikari07-10/entry-12802044627.html
https://ameblo.jp/contact/,https://ameblo.jp/hikari07-10/entry-12804892180.html
https://ameblo.jp/contact/,https://ameblo.jp/hikari07-10/entry-12800892804.html
https://ameblo.jp/contact/,https://ameblo.jp/hikari07-10/entry-12801623009.html
https://ameblo.jp/contact/,https://ameblo.jp/hikari07-10/entry-12803785528.html
https://ameblo.jp/contact/,https://ameblo.jp/hikari07-10/entry-12801509900.html
https://ameblo.jp/contact/,https://ameblo.jp/hikari07-10/entry-12803178227.html
https://ameblo.jp/contact/,https://ameblo.jp/hikari07-10/entry-12801797752.html
https://ameblo.jp/contact/,https://ameblo.jp/hikari07-10/entry-12805257955.html
https://ameblo.jp/contact/,https://ameblo.jp/hikari07-10/entry-12802984752.html
https://ameblo.jp/contact/,https://ameblo.jp/hikari07-10/entry-12801762574.html
https://ameblo.jp/contact/,https://ameblo.jp/hikari07-10/entry-12804887371.html
https://ameblo.jp/contact/,https://ameblo.jp/hikari07-10/entry-12801489194.html
https://ameblo.jp/contact/,https://ameblo.jp/hikari07-10/entry-12802285448.html
https://ameblo.jp/contact/,https://ameblo.jp/hikari07-10/entry-12801653615.html
https://ameblo.jp/contact/,https://ameblo.jp/hikari07-10/entry-12805257807.html
https://ameblo.jp/contact/,https://ameblo.jp/hikari07-10/entry-12805298404.html
https://ameblo.jp/contact/,https://ameblo.jp/hikari07-10/entry-12802987160.html
https://ameblo.jp/contact/,https://ameblo.jp/hikari07-10/entry-12801880316.html
https://monvv.com/contact/,https://monvv.com/reality-hikoukai-haishin/
https://monvv.com/contact/,https://monvv.com/neochi-mochimochi-serihu/
https://monvv.com/contact/,https://monvv.com/opcha-taikai-saserareta/
https://monvv.com/contact/,https://monvv.com/godoor-tsukaenai/
https://monvv.com/contact/,https://monvv.com/koiniwa-chat-kinshi-word/
https://monvv.com/contact/,https://monvv.com/koiniwa-yokogami/
https://monvv.com/contact/,https://monvv.com/koiniwa-shiitake/
https://monvv.com/contact/,https://monvv.com/koiniwa-un-install-aite/
https://monvv.com/contact/,https://monvv.com/koiniwa-mementomori/
https://monvv.com/contact/,https://monvv.com/match-iinegaeshi-danjo/
https://monvv.com/contact/,https://monvv.com/match-1day-iinesuu/
https://monvv.com/contact/,https://monvv.com/match-ramen/
https://monvv.com/contact/,https://monvv.com/match-message-1day-oki/
https://monvv.com/contact/,https://monvv.com/match-machiawase-nanhunmae/
https://monvv.com/contact/,https://monvv.com/match-1week-denwa/
https://monvv.com/contact/,https://monvv.com/bonsaigame-osusume/
https://monvv.com/contact/,https://monvv.com/match-hatsudate-josei-parkar/
https://monvv.com/contact/,https://monvv.com/match-women-kuruma/
https://monvv.com/contact/,https://monvv.com/match-iine-1week/
https://monvv.com/contact/,https://monvv.com/match-lineigai-renrakusaki/
https://monvv.com/contact/,https://monvv.com/mach-kao-chigau-nigeru/
https://monvv.com/contact/,https://monvv.com/match-inaka-basho/
https://monvv.com/contact/,https://monvv.com/match-line-url/
https://monvv.com/contact/,https://monvv.com/match-1week-henshin/
https://monvv.com/contact/,https://monvv.com/match-hiroiga-men-naze/
https://monvv.com/contact/,https://monvv.com/40s-match-iine/
https://monvv.com/contact/,https://monvv.com/match-1week-wakareru/
https://monvv.com/contact/,https://monvv.com/match-kaiwa-okashii/
https://monvv.com/contact/,https://monvv.com/match-1day-2/
,http://blog.kekkonsoudansho.info/?eid=4529
https://koitatsu.com/contact/,https://koitatsu.com/renai/29125
,http://specialchildren.seesaa.net/article/503217198.html
https://liaminc.jp/contact/,https://liaminc.jp/matching/1706/
,https://appvip.jp/matching-app-scammer-feature-way-to-recognize/
https://lifrell.co.jp/contact/,https://lifrell.co.jp/marriage/men-who-want-to-meet/
https://will-be-moteking.com/contact/,https://will-be-moteking.com/2023/09/30/absolutely-she-can-recommended-for-beginners-matching-application-popularity-ranking/
https://will-be-moteking.com/contact/,https://will-be-moteking.com/2023/08/09/absolutely-she-can-recommended-for-beginners-matching-application-popularity-ranking/
https://will-be-moteking.com/contact/,https://will-be-moteking.com/2023/10/12/absolutely-she-can-recommended-for-beginners-matching-application-popularity-ranking/
https://www.drinet.org/contact/,https://www.drinet.org/post7554/
https://www.drinet.org/contact/,https://www.drinet.org/post7562/
https://myhappiness.jp/contact/,https://myhappiness.jp/ange-reputation/
https://matchmatch.jp/contact/,https://matchmatch.jp/matchingapp-serious/
https://matchmatch.jp/contact/,https://matchmatch.jp/matchingapp-towncon/
https://takareinhard.jp/contact/,https://takareinhard.jp/fading-out-after-matching-app/
https://koikatsu30.com/contact/,https://koikatsu30.com/guide_listed_company/
https://ameblo.jp/contact/,https://ameblo.jp/hikari07-10/entry-12842268358.html
,https://jilog.net/entry/2023/11/11/103920
https://sara-kon.com/contact/,https://sara-kon.com/ensport-review/
,https://www.joysakurakowedding.com/entry/2024/04/02/173000
https://deai.yuu-web3.com/contact/,https://deai.yuu-web3.com/how-to-use-matching-app-ange/
https://ameblo.jp/contact/,https://ameblo.jp/wideman13530/entry-12810329665.html
,https://datsuhimote.com/2023/09/06/20230907marrish/
https://ameblo.jp/contact/,https://ameblo.jp/hikari07-10/entry-12843413845.html
https://laff.jp/contact/,https://laff.jp/lovean-account-suspension/
https://laff.jp/contact/,https://laff.jp/with-papakatsu/
https://deai.yuu-web3.com/contact/,https://deai.yuu-web3.com/how-to-use-anju/
,https://match40.hatenablog.jp/entry/2024/04/19/210551
,https://match40.hatenablog.jp/entry/2024/04/21/210022
https://monvv.com/contact/,https://monvv.com/match-umakuikanai-kekkonsoudansho/
https://www.drinet.org/contact/,https://www.drinet.org/post7559/
https://monvv.com/contact/,https://monvv.com/jitensha-ase-maegami/
https://monvv.com/contact/,https://monvv.com/line-livetalk-kikudake/
https://monvv.com/contact/,https://monvv.com/jump-dougawomiteyomu/
https://monvv.com/contact/,https://monvv.com/taimee-nanhunmae/
https://monvv.com/contact/,https://monvv.com/merucari-hataraku-tabu/
https://monvv.com/contact/,https://monvv.com/pararel-online-kakusu/
https://monvv.com/contact/,https://monvv.com/taimee-review-reibun/
https://monvv.com/contact/,https://monvv.com/daigakumei-hazukashi/
https://monvv.com/contact/,https://monvv.com/ariteikokoku-hosyokushanosuana/
https://monvv.com/contact/,https://monvv.com/sugoijikanwari-widget/
https://monvv.com/contact/,https://monvv.com/daigakusei-okodukai-2man/
https://monvv.com/contact/,https://monvv.com/spotwork-setsumeikai/
https://monvv.com/contact/,https://monvv.com/share-full-cm-koe/
https://monvv.com/contact/,https://monvv.com/ariteikoku-world-hikkoshi/
https://monvv.com/contact/,https://monvv.com/hirokore-syouten/
https://monvv.com/contact/,https://monvv.com/taimee-cancel-katei-kyuyou/
https://monvv.com/contact/,https://monvv.com/with-special-iine/
https://monvv.com/contact/,https://monvv.com/taimee-fukuso-machigaeta/
https://monvv.com/contact/,https://monvv.com/sharefull-eraberupay/
https://monvv.com/contact/,https://monvv.com/daigakusei-kinsenkankaku-okashii/
https://monvv.com/contact/,https://monvv.com/mahhabaito-tanpatsu-nai-koukousei/
https://monvv.com/contact/,https://monvv.com/with-apeal-jikantai/
https://monvv.com/contact/,https://monvv.com/penpal-shigo/
https://monvv.com/contact/,https://monvv.com/daigaku1nensei-aruaru/
https://monvv.com/contact/,https://monvv.com/tibinui-huku-doko/
https://monvv.com/contact/,https://monvv.com/spotwork-syoutaicode/
https://monvv.com/contact/,https://monvv.com/twitter-space-hairidurai/
https://monvv.com/contact/,https://monvv.com/zepeto-kodomo/
https://monvv.com/contact/,https://monvv.com/gravity-seikakushindan-yarikata/
https://monvv.com/contact/,https://monvv.com/sharefull-sokuharai-chiebukuro/
https://monvv.com/contact/,https://monvv.com/eigakan-popcorn-l/
https://monvv.com/contact/,https://monvv.com/weplay-jinro/
https://monvv.com/contact/,https://monvv.com/share-full-fukuso/
https://monvv.com/contact/,https://monvv.com/taimee-obasan/
https://monvv.com/contact/,https://monvv.com/sugoijikanwari-kouki/
https://monvv.com/contact/,https://monvv.com/line-livetalk-hyoujisarenai/
https://monvv.com/contact/,https://monvv.com/sashinomi-awayokuba/
https://monvv.com/contact/,https://monvv.com/hirokore-kojinjoho/
